Código;Nome;
IBGE;IBGE_codigo_ibge_codigo IBGE;
IBGE7;IBGE7_IBGE7_codigo IBGE com 7 digitos;
UF;UF_Nome_UF_UF;
Regiao;Regiao_Região_Região;
Município;Município_Município_Município;
Pop_total_2010;Pop_total_2010_Pop_total_2010_Pop_total_2010;
Pop_Urbana2010;Pop_Urbana2010_Pop_Urbana2010_Pop_Urbana2010;
Pop_Rural2010;Pop_Rural2010_Pop_Rural2010_Pop_Rural2010;
Porte_pop2010;Porte_pop2010_Porte_pop2010_Porte_pop2010;
areaKm2;areaKm2_area Km2_area Km2;.
NU_IDENTIFICADOR ;NU_IDENTIFICADOR_id_cras_identificador da Unidade;
ident_0_1;ident_0_1_v10345_Nome que identifica o CRAS:;
ident_0_2;ident_0_2_v10346_Selecione o Tipo de Logradouro (avenida, rua, etc):;
ident_0_3;ident_0_3_v10347_Endereço:;
ident_0_4;ident_0_4_v10348_Número:;
ident_0_5;ident_0_5_v10349_Complemento:;
ident_0_6;ident_0_6_v10350_Bairro:;
ident_0_7;ident_0_7_v10351_Ponto de Referência:;
ident_0_8;ident_0_8_v10352_CEP:;
ident_0_9;ident_0_9_v10353_Município:;
ident_0_10;ident_0_10_v10354_UF:;
ident_0_11;ident_0_11_v10355_E-mail:;
ident_0_12;ident_0_12_v10356_DDD - telefone;
ident_0_13;ident_0_13_v10357_Ramal:;
ident_0_14;ident_0_14_v10358_FAX:;
ident_0_15;ident_0_15_v10359_Data de implantação do CRAS:;
q_1;q_1_v10360_Localização:;
q_2;q_2_v10361_Este CRAS é uma unidade com capacidade de referenciamento para até:;
q_3_1;q_3_1_v10362_Horário de funcionamento deste CRAS - Dias por Semana;
q_3_2;q_3_2_v10363_Horário de funcionamento deste CRAS - Horas por dia;
Latitude;Latitude_p_latitude_latitude;
Longitude;Longitude_p_longitude_longitude;
q_4;q_4_v10365_O imóvel de funcionamento deste CRAS é compartilhado;
q_5_1;q_5_1_v10367_1_Especifique o tipo de unidade com a qual este CRAS compartilha seu imóvel.1 - Secretaria da Assistência Social ou congênere;
q_5_2;q_5_2_v10367_2_Especifique o tipo de unidade com a qual este CRAS compartilha seu imóvel.2 - Outra unidade administrativa (Sede de Prefeitura, Administração Regional, Sub-prefeitura, etc);
q_5_3;q_5_3_v10367_3_Especifique o tipo de unidade com a qual este CRAS compartilha seu imóvel.3 - Conselho Municipal de Assistência Social;
q_5_4;q_5_4_v10367_4_Especifique o tipo de unidade com a qual este CRAS compartilha seu imóvel.4 - Conselho Tutelar;
q_5_5;q_5_5_v10367_5_Especifique o tipo de unidade com a qual este CRAS compartilha seu imóvel.5 - CREAS ? Centro de Referência Especializado de Assistência Social;
q_5_6;q_5_6_v10367_6_Especifique o tipo de unidade com a qual este CRAS compartilha seu imóvel.6 - Outra unidade pública de serviços da Assistência Social;
q_5_7;q_5_7_v10367_7_Especifique o tipo de unidade com a qual este CRAS compartilha seu imóvel.7 - Unidade de Saúde;
q_5_8;q_5_8_v10367_8_Especifique o tipo de unidade com a qual este CRAS compartilha seu imóvel.8 - Escola;
q_5_9;q_5_9_v10367_9_Especifique o tipo de unidade com a qual este CRAS compartilha seu imóvel.9 - Associação Comunitária;
q_5_10;q_5_10_v10367_10_Especifique o tipo de unidade com a qual este CRAS compartilha seu imóvel.10 - Entidades ou Organização da Sociedade Civil;
q_5_11;q_5_11_v10367_11_Especifique o tipo de unidade com a qual este CRAS compartilha seu imóvel.11 - Praça do CEU (esporte e/ou cultura);
q_5_12;q_5_12_v10367_12_Especifique o tipo de unidade com a qual este CRAS compartilha seu imóvel.12 - Conselho Municipal de Direitos da Criança e do Adolescente ? CMDCA;
q_5_99;q_5_99_v10367_99_Especifique o tipo de unidade com a qual este CRAS compartilha seu imóvel.99 - Outros;
q_5_99_1;q_5_99_1_v10368_Qual?;
q_6_1;q_6_1_v10369_1_Especifique quais espaços do imóvel são compartilhados entre o CRAS e a(s) outra(s) Unidade(s):1 - Apenas o endereço é o mesmo, mas todos os espaços do CRAS são independentes e de uso exclusivo, inclusive a entrada;
q_6_2;q_6_2_v10369_2_Especifique quais espaços do imóvel são compartilhados entre o CRAS e a(s) outra(s) Unidade(s):2 - Entrada / Porta de Acesso;
q_6_3;q_6_3_v10369_3_Especifique quais espaços do imóvel são compartilhados entre o CRAS e a(s) outra(s) Unidade(s):3 - Recepção;
q_6_4;q_6_4_v10369_4_Especifique quais espaços do imóvel são compartilhados entre o CRAS e a(s) outra(s) Unidade(s):4 - Cozinha;
q_6_5;q_6_5_v10369_5_Especifique quais espaços do imóvel são compartilhados entre o CRAS e a(s) outra(s) Unidade(s):5 - Algumas salas de atendimento particularizado;
q_6_6;q_6_6_v10369_6_Especifique quais espaços do imóvel são compartilhados entre o CRAS e a(s) outra(s) Unidade(s):6 - Todas as salas de atendimento particularizado;
q_6_7;q_6_7_v10369_7_Especifique quais espaços do imóvel são compartilhados entre o CRAS e a(s) outra(s) Unidade(s):7 - Algumas salas de atendimento coletivo;
q_6_8;q_6_8_v10369_8_Especifique quais espaços do imóvel são compartilhados entre o CRAS e a(s) outra(s) Unidade(s):8 - Todas as salas de atendimento coletivo;
q_6_9;q_6_9_v10369_9_Especifique quais espaços do imóvel são compartilhados entre o CRAS e a(s) outra(s) Unidade(s):9 - Salas administrativas;
q_6_10;q_6_10_v10369_10_Especifique quais espaços do imóvel são compartilhados entre o CRAS e a(s) outra(s) Unidade(s):10 - Banheiros;
q_6_11;q_6_11_v10369_11_Especifique quais espaços do imóvel são compartilhados entre o CRAS e a(s) outra(s) Unidade(s):11 - Área Externa;
q_6_12;q_6_12_v10369_12_Especifique quais espaços do imóvel são compartilhados entre o CRAS e a(s) outra(s) Unidade(s):12 - Almoxarifado ou similar;
q_7_1;q_7_1_v10370_Quantidade de salas com capacidade máxima para 5 pessoas;
q_7_2;q_7_2_v10371_Quantidade de salas com capacidade para 6 a 14 pessoas;
q_7_3;q_7_3_v10372_Quantidade de salas com capacidade para 15 a 29 pessoas;
q_7_4;q_7_4_v10373_Quantidade de salas com capacidade para 30 ou mais pessoas;
q_7_5;q_7_5_v10374_Salas exclusivas de Coordenação, equipe técnica ou administração (não são salas de atendimento!);
q_7_6;q_7_6_v10375_Quantidade total de banheiros;
q_7_7;q_7_7_v10376_Possui Recepção;
q_7_8;q_7_8_v10377_Cozinha/Copa;
q_7_9;q_7_9_v10378_Almoxarifado;
q_7_10;q_7_10_v10379_Espaço externo no CRAS para atividades de convívio;
q_8_1;q_8_1_v10380_Acesso principal adaptado com rampas e rota acessível desde a calçada até a recepção do CRAS;
q_8_2;q_8_2_v10381_Rota acessível aos espaços do CRAS (recepção, salas de atendimento e espaços de uso coletivo);
q_8_3;q_8_3_v10382_Rota acessível ao banheiro;
q_8_4;q_8_4_v10383_Banheiro adaptado para pessoas com deficiência;
q_9_1;q_9_1_v12572_1_Além dos itens acima, há outras adaptações para assegurar a acessibilidade desta unidade?1 - Sim, suporte de profissional com conhecimento em LIBRAS;
q_9_2;q_9_2_v12572_2_Além dos itens acima, há outras adaptações para assegurar a acessibilidade desta unidade?2 - Sim, suporte de material em braille;
q_9_3;q_9_3_v12572_3_Além dos itens acima, há outras adaptações para assegurar a acessibilidade desta unidade?3 - Sim, suporte para leitores de telas de computador para pessoas com deficiência visual;
q_9_4;q_9_4_v12572_4_Além dos itens acima, há outras adaptações para assegurar a acessibilidade desta unidade?4 - Sim, outras adaptações e tecnologias assistivas para deficiência física;
q_9_5;q_9_5_v12572_5_Além dos itens acima, há outras adaptações para assegurar a acessibilidade desta unidade?5 - Sim, outras adaptações e tecnologias assistivas para deficiência intelectual e autismo;
q_9_6;q_9_6_v12572_6_Além dos itens acima, há outras adaptações para assegurar a acessibilidade desta unidade?6 - Sim, pisos especiais com relevos para sinalização voltados pessoa com deficiência visual;
q_9_0;q_9_0_v12572_0_Além dos itens acima, há outras adaptações para assegurar a acessibilidade desta unidade?0 - Não há outras adaptações;
q_9_4_1;q_9_4_1_v12573_Sim, outras adaptações e tecnologias assistivas para deficiência física. - Qual?;
q_9_5_1;q_9_5_1_v12574_Sim, outras adaptações e tecnologias assistivas para deficiência intelectual e autismo - Qual?;
q_10_1;q_10_1_v10384_1_Indique os equipamentos e materiais disponíveis, em perfeito funcionamento, para o desenvolvimento dos serviços deste CRAS:1 - Telefone;
q_10_2;q_10_2_v10384_2_Indique os equipamentos e materiais disponíveis, em perfeito funcionamento, para o desenvolvimento dos serviços deste CRAS:2 - Celular da Unidade;
q_10_3;q_10_3_v10384_3_Indique os equipamentos e materiais disponíveis, em perfeito funcionamento, para o desenvolvimento dos serviços deste CRAS:3 - Impressora;
q_10_4;q_10_4_v10384_4_Indique os equipamentos e materiais disponíveis, em perfeito funcionamento, para o desenvolvimento dos serviços deste CRAS:4 - Máquina copiadora;
q_10_5;q_10_5_v10384_5_Indique os equipamentos e materiais disponíveis, em perfeito funcionamento, para o desenvolvimento dos serviços deste CRAS:5 - Televisão (TV);
q_10_6;q_10_6_v10384_6_Indique os equipamentos e materiais disponíveis, em perfeito funcionamento, para o desenvolvimento dos serviços deste CRAS:6 - Equipamento de som;
q_10_7;q_10_7_v10384_7_Indique os equipamentos e materiais disponíveis, em perfeito funcionamento, para o desenvolvimento dos serviços deste CRAS:7 - DVD;
q_10_8;q_10_8_v10384_8_Indique os equipamentos e materiais disponíveis, em perfeito funcionamento, para o desenvolvimento dos serviços deste CRAS:8 - Datashow;
q_10_9;q_10_9_v10384_9_Indique os equipamentos e materiais disponíveis, em perfeito funcionamento, para o desenvolvimento dos serviços deste CRAS:9 - Veículo de uso exclusivo;
q_10_10;q_10_10_v10384_10_Indique os equipamentos e materiais disponíveis, em perfeito funcionamento, para o desenvolvimento dos serviços deste CRAS:10 - Veículo de uso compartilhado;
q_10_11;q_10_11_v10384_11_Indique os equipamentos e materiais disponíveis, em perfeito funcionamento, para o desenvolvimento dos serviços deste CRAS:11 - Embarcação;
q_10_12;q_10_12_v10384_12_Indique os equipamentos e materiais disponíveis, em perfeito funcionamento, para o desenvolvimento dos serviços deste CRAS:12 - Acervo bibliográfico;
q_10_13;q_10_13_v10384_13_Indique os equipamentos e materiais disponíveis, em perfeito funcionamento, para o desenvolvimento dos serviços deste CRAS:13 - Brinquedoteca;
q_10_14;q_10_14_v10384_14_Indique os equipamentos e materiais disponíveis, em perfeito funcionamento, para o desenvolvimento dos serviços deste CRAS:14 - Brinquedos;
q_10_15;q_10_15_v10384_15_Indique os equipamentos e materiais disponíveis, em perfeito funcionamento, para o desenvolvimento dos serviços deste CRAS:15 - Materiais pedagógicos, culturais e esportivos;
q_11_1;q_11_1_v10385_Quantidade total de computadores na unidade:;
q_11_2;q_11_2_v10386_Destes, quantos estão conectados à internet?;
q_12_1;q_12_1_v10533_1_ações e atividades desenvolvidas no âmbito do Serviço de Proteção e Atendimento Integral à Família (PAIF):1 - Acolhida em Grupo realizada por profissional de nível superior;
q_12_2;q_12_2_v10533_2_ações e atividades desenvolvidas no âmbito do Serviço de Proteção e Atendimento Integral à Família (PAIF):2 - Acolhida Particularizada realizada por técnica(o) de nível superior;
q_12_3;q_12_3_v10533_3_ações e atividades desenvolvidas no âmbito do Serviço de Proteção e Atendimento Integral à Família (PAIF):3 - Acompanhamento de famílias;
q_12_4;q_12_4_v10533_4_ações e atividades desenvolvidas no âmbito do Serviço de Proteção e Atendimento Integral à Família (PAIF):4 - Elaboração do Plano de Acompanhamento Familiar;
q_12_5;q_12_5_v10533_5_ações e atividades desenvolvidas no âmbito do Serviço de Proteção e Atendimento Integral à Família (PAIF):5 - Atendimento particularizado de famílias ou indivíduos;
q_12_6;q_12_6_v10533_6_ações e atividades desenvolvidas no âmbito do Serviço de Proteção e Atendimento Integral à Família (PAIF):6 - Registro do acompanhamento familiar em prontuário;
q_12_7;q_12_7_v10533_7_ações e atividades desenvolvidas no âmbito do Serviço de Proteção e Atendimento Integral à Família (PAIF):7 - Grupo/oficina com famílias;
q_12_8;q_12_8_v10533_8_ações e atividades desenvolvidas no âmbito do Serviço de Proteção e Atendimento Integral à Família (PAIF):8 - Visitas Domiciliares;
q_12_9;q_12_9_v10533_9_ações e atividades desenvolvidas no âmbito do Serviço de Proteção e Atendimento Integral à Família (PAIF):9 - Palestras;
q_12_10;q_12_10_v10533_10_ações e atividades desenvolvidas no âmbito do Serviço de Proteção e Atendimento Integral à Família (PAIF):10 - Campanhas ou eventos comunitários;
q_12_11;q_12_11_v10533_11_ações e atividades desenvolvidas no âmbito do Serviço de Proteção e Atendimento Integral à Família (PAIF):11 - Apoio para obtenção de Documentação pessoal;
q_12_12;q_12_12_v10533_12_ações e atividades desenvolvidas no âmbito do Serviço de Proteção e Atendimento Integral à Família (PAIF):12 - Encaminhamento de famílias ou indivíduos para a rede de serviço socioassistencial;
q_12_13;q_12_13_v10533_13_ações e atividades desenvolvidas no âmbito do Serviço de Proteção e Atendimento Integral à Família (PAIF):13 - Encaminhamento de famílias ou indivíduos para outras políticas públicas (educação, habitação, trabalho, etc.);
q_12_14;q_12_14_v10533_14_Indique as ações e atividades desenvolvidas no âmbito do Serviço de Proteção e Atendimento Integral à Família (PAIF):14 - Encaminhamento para obtenção de Benefícios Eventuais;
q_12_15;q_12_15_v10533_15_Indique as ações e atividades desenvolvidas no âmbito do Serviço de Proteção e Atendimento Integral à Família (PAIF):15 - Encaminhamento para inserção/atualização de famílias no Cadastro Único;
q_12_16;q_12_16_v10533_16_Indique as ações e atividades desenvolvidas no âmbito do Serviço de Proteção e Atendimento Integral à Família (PAIF):16 - Acompanhamento dos encaminhamentos realizados;
q_13_A1;q_13_A1_v10388_A.1. Total de famílias em acompanhamento pelo PAIF em Agosto de 2018;
q_13_A2;q_13_A2_v10389_A.2. Quantidade de novas famílias inseridas em acompanhamento no PAIF durante o mês de referência de Agosto de 2018;
q_14_1;q_14_1_v14349_Quantidade de indivíduos que participaram regularmente dos atendimentos coletivos realizados pelo PAIF - Total;
q_14_2_1;q_14_2_1_v14350_Quantidade de indivíduos que participaram regularmente dos atendimentos coletivos realizados pelo PAIF - Masculino 0 a 18 anos;
q_14_2_2;q_14_2_2_v14351_Quantidade de indivíduos que participaram regularmente dos atendimentos coletivos realizados pelo PAIF - Masculino 19 a 59 anos;
q_14_2_3;q_14_2_3_v14348_Quantidade de indivíduos que participaram regularmente dos atendimentos coletivos realizados pelo PAIF - Masculino 60 anos ou mais;
q_14_3_1;q_14_3_1_v14353_Quantidade de indivíduos que participaram regularmente dos atendimentos coletivos realizados pelo PAIF - Feminino 0 a 18 anos;
q_14_3_2;q_14_3_2_v14352_Quantidade de indivíduos que participaram regularmente dos atendimentos coletivos realizados pelo PAIF - Feminino 19 a 59 anos;
q_14_3_3;q_14_3_3_v14354_Quantidade de indivíduos que participaram regularmente dos atendimentos coletivos realizados pelo PAIF - Feminino 60 anos ou mais;
q_14_0;q_14_0_v14790_0_Não sabe informar;
q_15_1;q_15_1_v14311_1_Em 2018, quais as cinco principas temáticas abordadas nos atendimentos coletivos realizados pelo PAIF:1 - Não há grupos do PAIF;
q_15_2;q_15_2_v14311_2_Em 2018, quais as cinco principas temáticas abordadas nos atendimentos coletivos realizados pelo PAIF:2 - Direito à transferência de renda e benefícios assistenciais;
q_15_3;q_15_3_v14311_3_Em 2018, quais as cinco principas temáticas abordadas nos atendimentos coletivos realizados pelo PAIF:3 - Direito a Documentação Civil Básica (certidão de nascimento, CPF, RG, título eleitoral);
q_15_4;q_15_4_v14311_4_Em 2018, quais as cinco principas temáticas abordadas nos atendimentos coletivos realizados pelo PAIF:4 - Direito a cultura e lazer;
q_15_5;q_15_5_v14311_5_Em 2018, quais as cinco principas temáticas abordadas nos atendimentos coletivos realizados pelo PAIF:5 - Direito das Mulheres;
q_15_6;q_15_6_v14311_6_Em 2018, quais as cinco principas temáticas abordadas nos atendimentos coletivos realizados pelo PAIF:6 - Direitos das pessoas com deficiência;
q_15_7;q_15_7_v14311_7_Em 2018, quais as cinco principas temáticas abordadas nos atendimentos coletivos realizados pelo PAIF:7 - Direito à Alimentação;
q_15_8;q_15_8_v14311_8_Em 2018, quais as cinco principas temáticas abordadas nos atendimentos coletivos realizados pelo PAIF:8 - Os direitos das famílias;
q_15_9;q_15_9_v14311_9_Em 2018, quais as cinco principas temáticas abordadas nos atendimentos coletivos realizados pelo PAIF:9 - As especificidades do ciclo vital dos membros das famílias;
q_15_10;q_15_10_v14311_10_Em 2018, quais as cinco principas temáticas abordadas nos atendimentos coletivos realizados pelo PAIF:10 - Cuidar de quem cuida;
q_15_11;q_15_11_v14311_11_Em 2018, quais as cinco principas temáticas abordadas nos atendimentos coletivos realizados pelo PAIF:11 - O uso de álcool e/ou outras drogas na família;
q_15_12;q_15_12_v14311_12_Em 2018, quais as cinco principas temáticas abordadas nos atendimentos coletivos realizados pelo PAIF:12 - Problemas e soluções do território;
q_15_13;q_15_13_v14311_13_Em 2018, quais as cinco principas temáticas abordadas nos atendimentos coletivos realizados pelo PAIF:13 - Diversidade cultural, étnica e social;
q_15_99;q_15_99_v14311_99_Em 2018, quais as cinco principas temáticas abordadas nos atendimentos coletivos realizados pelo PAIF:99 - Outro;
q_15_99_1;q_15_99_1_v14355_Em 2018, quais as cinco principas temáticas abordadas nos atendimentos coletivos realizados pelo PAIF - Outros - Quais?;
q_16;q_16_v10391_Este CRAS executa diretamente Serviço de Convivência e Fortalecimento de Vínculos?;
q_17_1;q_17_1_v10394_Crianças de 0 a 6 anos de idade;
q_17_2;q_17_2_v10395_Crianças e adolescentes de 7 a 14 anos de idade;
q_17_3;q_17_3_v10396_Adolescentes e jovens de 15 a 17 anos de idade;
q_17_4;q_17_4_v10397_Jovens de 18 a 29 anos de idade;
q_17_5;q_17_5_v10398_Adultas(os) de 30 a 59 anos de idade;
q_17_6;q_17_6_v10402_Idosas(os) (60 anos ou mais);
q_18_1;q_18_1_v10403_1_Este CRAS possui rede referenciada para oferta do Serviço de Convivência e Fortalecimento de Vínculos?1 - Sim, realizado por outra unidade pública;
q_18_2;q_18_2_v10403_2_Este CRAS possui rede referenciada para oferta do Serviço de Convivência e Fortalecimento de Vínculos?2 - Sim, realizado por entidade conveniada;
q_18_3;q_18_3_v10403_3_Este CRAS possui rede referenciada para oferta do Serviço de Convivência e Fortalecimento de Vínculos?3 - Sim, realizado por entidade não conveniada;
q_18_4;q_18_4_v10403_0_Este CRAS possui rede referenciada para oferta do Serviço de Convivência e Fortalecimento de Vínculos?0 - Não;
q_19_1;q_19_1_v10406_Crianças de 0 a 6 anos de idade;
q_19_2;q_19_2_v10407_Crianças e adolescentes de 7 a 14 anos de idade;
q_19_3;q_19_3_v10408_Adolescentes e jovens de 15 a 17 anos de idade;
q_19_4;q_19_4_v10410_Jovens de 18 a 29 anos de idade;
q_19_5;q_19_5_v10411_Adultas(os) de 30 a 59 anos de idade;
q_19_6;q_19_6_v10412_Idosas(os) (60 anos ou mais);
q_20;q_20_v12576_Em relação às vagas de SCFV da rede referenciada, informe se:;
q_21_1;q_21_1_v10415_1_Qual(is) dessas estratégias a(o) profissional de referência utiliza para acompanhar o SCFV ofertado pela rede referenciada ?1 - Participação no planejamento das atividades que serão desenvolvidas;
q_21_2;q_21_2_v10415_2_Qual(is) dessas estratégias a(o) profissional de referência utiliza para acompanhar o SCFV ofertado pela rede referenciada ?2 - Reuniões periódicas com a equipe técnica da rede referenciada;
q_21_3;q_21_3_v10415_3_Qual(is) dessas estratégias a(o) profissional de referência utiliza para acompanhar o SCFV ofertado pela rede referenciada ?3 - Supervisão das(os) orientadoras(es) sociais;
q_21_4;q_21_4_v10415_4_Qual(is) dessas estratégias a(o) profissional de referência utiliza para acompanhar o SCFV ofertado pela rede referenciada ?4 - Capacitação às(aos) orientadoras(es) sociais;
q_21_5;q_21_5_v10415_5_Qual(is) dessas estratégias a(o) profissional de referência utiliza para acompanhar o SCFV ofertado pela rede referenciada ?5 - Acompanhamento periódico dos grupos;
q_21_6;q_21_6_v10415_6_Qual(is) dessas estratégias a(o) profissional de referência utiliza para acompanhar o SCFV ofertado pela rede referenciada ?6 - Verificação da inclusão das(os) usuárias(os) no SCFV encaminhados pelo CRAS;
q_21_7;q_21_7_v10415_7_Qual(is) dessas estratégias a(o) profissional de referência utiliza para acompanhar o SCFV ofertado pela rede referenciada ?7 - Encaminhamento das(os) usuárias(os) para o SCFV;
q_21_8;q_21_8_v10415_8_Qual(is) dessas estratégias a(o) profissional de referência utiliza para acompanhar o SCFV ofertado pela rede referenciada ?8 - Avaliação e monitoramento das atividades realizadas;
q_21_9;q_21_9_v10415_9_Qual(is) dessas estratégias a(o) profissional de referência utiliza para acompanhar o SCFV ofertado pela rede referenciada ?9 - Discussão conjunta dos casos em acompanhamento;
q_21_0;q_21_0_v10415_0_Qual(is) dessas estratégias a(o) profissional de referência utiliza para acompanhar o SCFV ofertado pela rede referenciada ?0 - Nenhum dos itens anteriores;
q_22;q_22_v10416_São desenvolvidas atividades com familiares/responsáveis dos participantes dos grupos do SCFV?;
q_23_1;q_23_1_v10417_1_Quais atividades são realizadas com familiares/responsáveis dos participantes dos grupos do SCFV?1 - Atendimentos coletivos periódicos;
q_23_2;q_23_2_v10417_2_Quais atividades são realizadas com familiares/responsáveis dos participantes dos grupos do SCFV?2 - Atendimentos coletivos eventuais;
q_23_3;q_23_3_v10417_3_Quais atividades são realizadas com familiares/responsáveis dos participantes dos grupos do SCFV?3 - Atendimentos individualizados periódicos;
q_23_4;q_23_4_v10417_4_Quais atividades são realizadas com familiares/responsáveis dos participantes dos grupos do SCFV?4 - Atendimentos individualizados eventuais;
q_24;q_24_v14312_Este CRAS oferta Serviço de Proteção Social Básica no Domicílio para Pessoas com deficiência e idosas?;
q_25_1;q_25_1_v14314_volume mensal de indivíduos atendidos pelo Serviço de Proteção Social Básica no Domicílio para Pessoas com deficiência e idosas neste CRAS, no mês de agosto de 2018 - Total de indivíduos atendidos;
q_25_2;q_25_2_v14356_volume mensal de indivíduos atendidos pelo Serviço de Proteção Social Básica no Domicílio para Pessoas com deficiência e idosas neste CRAS, no mês de agosto de 2018 - Total de IDOSAS(OS) atendidas(os);
q_25_3;q_25_3_v14357_volume mensal de indivíduos atendidos pelo Serviço de Proteção Social Básica no Domicílio para Pessoas com deficiência e idosas neste CRAS, no mês de agosto de 2018 - Total de PESSOAS COM DEFICIÊNCIA;
q_25_4;q_25_4_v14358_volume mensal de indivíduos atendidos pelo Serviço de Proteção Social Básica no Domicílio para Pessoas com deficiência e idosas neste CRAS, no mês de agosto de 2018 - Total de PESSOAS COM DEFICIÊNCIA entre 0 e 6 anos de idade;
q_26_1;q_26_1_v14315_1_Este CRAS possui rede referenciada para oferta do Serviço de Proteção Social Básica no Domicílio para Pessoas com deficiência e idosas?1 - Sim, realizado por outra unidade pública;
q_26_2;q_26_2_v14315_2_Este CRAS possui rede referenciada para oferta do Serviço de Proteção Social Básica no Domicílio para Pessoas com deficiência e idosas?2 - Sim, realizado por entidade conveniada;
q_26_3;q_26_3_v14315_3_Este CRAS possui rede referenciada para oferta do Serviço de Proteção Social Básica no Domicílio para Pessoas com deficiência e idosas?3 - Sim, realizado por entidade não conveniada;
q_26_0;q_26_0_v14315_0_Este CRAS possui rede referenciada para oferta do Serviço de Proteção Social Básica no Domicílio para Pessoas com deficiência e idosas?0 - Não;
q_27_1;q_27_1_v14318_volume mensal de indivíduos atendidos pelo Serviço de Proteção Social Básica no Domicílio para Pessoas com deficiência e idosas na rede referenciada a este CRAS, no mês de agosto de 2018  - TOTAL de indivíduos;
q_27_2;q_27_2_v14361_volume mensal de indivíduos atendidos pelo Serviço de PSB no Domicílio para Pessoas com deficiência e idosas na rede referenciada a esse CRAS, no mês de agosto de 2018 - Total de IDOSAS(OS) atendidas(os);
q_27_3;q_27_3_v14360_volume mensal de indivíduos atendidos pelo Serviço de PSB no Domicílio para Pessoas com deficiência e idosas na rede referenciada a esse CRAS, no mês de agosto de 2018 - Total de PESSOAS COM DEFICIÊNCIA;
q_27_4;q_27_4_v14359_volume mensal de indivíduos atendidos pelo Serviço de PSB no Domicílio para Pessoas com deficiência e idosas na rede referenciada a esse CRAS, no mês de agosto de 2018 - Total de PESSOAS COM DEFICIÊNCIA entre 0 e 6 anos de idade;
q_28_1;q_28_1_v14363_1_Informe as ações e atividades realizadas no âmbito do Serviço no Domicílio, oferta direta ou referenciada ao CRAS:1 - Acolhida inicial no domicílio do usuário;
q_28_2;q_28_2_v14363_2_Informe as ações e atividades realizadas no âmbito do Serviço no Domicílio, oferta direta ou referenciada ao CRAS:2 - Elaboração do Plano de Desenvolvimento do Usuário ? PDU;
q_28_3;q_28_3_v14363_3_Informe as ações e atividades realizadas no âmbito do Serviço no Domicílio, oferta direta ou referenciada ao CRAS:3 - Visita domiciliar para orientação e suporte aos cuidados familiares no domicílio;
q_28_4;q_28_4_v14363_4_Informe as ações e atividades realizadas no âmbito do Serviço no Domicílio, oferta direta ou referenciada ao CRAS:4 - Rodas de diálogos periódicas com a família no domicílio;
q_28_5;q_28_5_v14363_5_Informe as ações e atividades realizadas no âmbito do Serviço no Domicílio, oferta direta ou referenciada ao CRAS:5 - Encontros territoriais periódicos com grupos multifamiliares;
q_28_6;q_28_6_v14363_6_Informe as ações e atividades realizadas no âmbito do Serviço no Domicílio, oferta direta ou referenciada ao CRAS:6 - Ações de mobilização para a cidadania no território;
q_28_7;q_28_7_v14363_7_Informe as ações e atividades realizadas no âmbito do Serviço no Domicílio, oferta direta ou referenciada ao CRAS:7 - Difusão e estímulo à participação das(os) usuárias(os) e suas famílias em conselhos de controle social;
q_28_8;q_28_8_v14363_8_Informe as ações/atividades realizadas do Serviço no Domicílio, oferta direta ou referenciada ao CRAS:8 - Reuniões e encontros periódicos com a rede local para a discussão de casos/situações das(os) usuárias(os) do Serviço;
q_28_9;q_28_9_v14363_9_Informe as ações e atividades realizadas no âmbito do Serviço no Domicílio, oferta direta ou referenciada ao CRAS:9 - Encaminhamentos monitorados de usuários à rede socioassistencial e intersetorial;
q_28_99;q_28_99_v14363_99_Informe as ações e atividades realizadas no âmbito do Serviço no Domicílio, oferta direta ou referenciada ao CRAS:10 - Outras atividades;
q_28_0;q_28_0_v14363_0_Informe as ações e atividades realizadas no âmbito do Serviço no Domicílio, oferta direta ou referenciada ao CRAS:99 - Nenhum dos itens anteriores;
q_28_99_1;q_28_99_1_v14364_Quais;
q_29;q_29_v14365_Com que frequência, em média, se dá o atendimento no domicílio de cada indivíduo atendido pelo Serviço de Proteção Social Básica no Domicílio?;
q_30;q_30_v10418_Este CRAS possui equipe técnica adicional (além do número previsto pela NOB-RH/SUAS) específica para deslocamento visando o atendimento à população em territórios extensos e áreas isoladas?;
q_31;q_31_v10422_Normalmente, com que frequência a equipe volante se desloca para realizar atendimento nestas áreas/comunidades?;
q_32;q_32_v10423_O(s) território(s) atendido(s) por esta equipe volante estão localizados em:;
q_33_1;q_33_1_v14321_1_Quais os públicos atendidos pela equipe volante?1 - Comunidades Rurais;
q_33_2;q_33_2_v14321_2_Quais os públicos atendidos pela equipe volante?2 - Povos Indígenas;
q_33_3;q_33_3_v14321_3_Quais os públicos atendidos pela equipe volante?3 - Comunidade quilombola;
q_33_4;q_33_4_v14321_4_Quais os públicos atendidos pela equipe volante?4 - Comunidade ribeirinha;
q_33_5;q_33_5_v14321_5_Quais os públicos atendidos pela equipe volante?5 - Povos ciganos;
q_33_6;q_33_6_v14321_6_Quais os públicos atendidos pela equipe volante?6 - Povos de matriz africana e de terreiro;
q_33_7;q_33_7_v14321_7_Quais os públicos atendidos pela equipe volante?7 - Assentamentos;
q_33_8;q_33_8_v14321_8_Quais os públicos atendidos pela equipe volante?8 - Famílias beneficiárias do Programa Bolsa Família;
q_33_9;q_33_9_v14321_9_Quais os públicos atendidos pela equipe volante?9 - Famílias beneficiárias do BPC;
q_33_10;q_33_10_v14321_10_Quais os públicos atendidos pela equipe volante?10 - Famílias em descumprimento de condicionalidades do Programa Bolsa Família;
q_33_11;q_33_11_v14321_11_Quais os públicos atendidos pela equipe volante?11 - Famílias com pessoas com deficiência;
q_33_99;q_33_99_v14321_99_Quais os públicos atendidos pela equipe volante?99 - Outros;
q_33_99_1;q_33_99_1_v14323_Qual?;
q_34;q_34_v10428_Nos territórios atendidos pela equipe volante, quantas famílias estão em acompanhamento familiar sistemático pelo PAIF (mês de referência ? agosto 2018)?;
q_35_1;q_35_1_v12577_1_Indique os tipos de atendimento realizados pela equipe volante nas comunidades:1 - Atendimento particularizado de famílias ou indivíduos;
q_35_2;q_35_2_v12577_2_Indique os tipos de atendimento realizados pela equipe volante nas comunidades:2 - Atendimento em atividade coletiva de caráter continuado (Oficinas do PAIF, SCFV);
q_35_3;q_35_3_v12577_3_Indique os tipos de atendimento realizados pela equipe volante nas comunidades:3 - Atendimento em atividade coletiva de caráter não-continuado (Palestras);
q_35_4;q_35_4_v12577_4_Indique os tipos de atendimento realizados pela equipe volante nas comunidades:4 - Cadastramento/Atualização cadastral;
q_35_5;q_35_5_v12577_5_Indique os tipos de atendimento realizados pela equipe volante nas comunidades:5 - Concessão de benefício eventual;
q_35_6;q_35_6_v12577_6_Indique os tipos de atendimento realizados pela equipe volante nas comunidades:6 - Ações para obtenção de Documentação Pessoal;
q_35_7;q_35_7_v12577_7_Indique os tipos de atendimento realizados pela equipe volante nas comunidades:7 - Encaminhamento para o BPC;
q_35_8;q_35_8_v12577_8_Indique os tipos de atendimento realizados pela equipe volante nas comunidades:8 - Encaminhamentos para rede setorial e intersetorial;
q_35_9;q_35_9_v12577_9_Indique os tipos de atendimento realizados pela equipe volante nas comunidades:9 - Visitas Domiciliares;
q_35_99;q_35_99_v12577_99_Indique os tipos de atendimento realizados pela equipe volante nas comunidades:99 - Outros;
q_35_0;q_35_0_v12577_0_Indique os tipos de atendimento realizados pela equipe volante nas comunidades:0 - Nenhum dos itens acima;
q_35_99_1;q_35_99_1_v12578_Se selecionou ?Outros?, quais outros atendimentos realizados pela equipe volante nas comunidades?;
q_36;q_36_v10429_É feita concessão de Benefícios Eventuais neste CRAS?;
q_37_1;q_37_1_v10430_1_Quais são os Benefícios Eventuais concedidos neste CRAS?1 - Benefício Eventual em situação de morte;
q_37_2;q_37_2_v10430_2_Quais são os Benefícios Eventuais concedidos neste CRAS?2 - Benefício Eventual em situação de natalidade;
q_37_3;q_37_3_v10430_3_Quais são os Benefícios Eventuais concedidos neste CRAS?3 - Benefício Eventual em situação de calamidade;
q_37_4;q_37_4_v10430_4_Quais são os Benefícios Eventuais concedidos neste CRAS?4 - Benefício Eventual em situação de vulnerabilidade social;
q_38_1;q_38_1_v12582_1_Caso o município conceda Benefício Eventual em situação de vulnerabilidade social, informe quais:1 - Auxílio relacionado à segurança alimentar (cesta básica, entre outros);
q_38_2;q_38_2_v12582_2_Caso o município conceda Benefício Eventual em situação de vulnerabilidade social, informe quais:2 - Auxílio para deslocamento/passagens (vale-transporte);
q_38_3;q_38_3_v12582_3_Caso o município conceda Benefício Eventual em situação de vulnerabilidade social, informe quais:3 - Auxílio/Inseção para retirada de documentação (inclui auxílio para retirada de fotos);
q_38_4;q_38_4_v12582_4_Caso o município conceda Benefício Eventual em situação de vulnerabilidade social, informe quais:4 - Aluguel Social;
q_38_5;q_38_5_v12582_5_Caso o município conceda Benefício Eventual em situação de vulnerabilidade social, informe quais:5 - Material de Construção;
q_38_6;q_38_6_v12582_6_Caso o município conceda Benefício Eventual em situação de vulnerabilidade social, informe quais:6 - Pagamento/Isenção de contas de água e luz;
q_38_7;q_38_7_v12582_7_Caso o município conceda Benefício Eventual em situação de vulnerabilidade social, informe quais:7 - Auxílio gás;
q_38_8;q_38_8_v12582_8_Caso o município conceda Benefício Eventual em situação de vulnerabilidade social, informe quais:8 - Vestimentas/ Roupas;
q_38_9;q_38_9_v12582_9_Caso o município conceda Benefício Eventual em situação de vulnerabilidade social, informe quais:9 - Móveis e Eletrodomésticos;
q_38_99;q_38_99_v12582_99_Caso o município conceda Benefício Eventual em situação de vulnerabilidade social, informe quais:99 - Outros;
q_38_99_1;q_38_99_1_v12581_Caso o município conceda Beneficio Eventual em situação de vulnerabilidade social, informe quais - Outros - Quais?;
q_39_1;q_39_1_v12592_1_Com relação ao Benefício de Prestação Continuada, este CRAS faz:1 - Identificação de possíveis beneficiárias(os) do BPC;
q_39_2;q_39_2_v12592_2_Com relação ao Benefício de Prestação Continuada, este CRAS faz:2 - Busca ativa de beneficiárias(os) do BPC para inclusão no CadÚnico;
q_39_3;q_39_3_v12592_3_Com relação ao Benefício de Prestação Continuada, este CRAS faz:3 - Orientação/acompanhamento para inserção no BPC/ Encaminhamento ao INSS;
q_39_4;q_39_4_v12592_4_Com relação ao Benefício de Prestação Continuada, este CRAS faz:4 - Acompanhamento das pessoas com deficiência do BPC com idade escolar que esteja fora da escola (incluindo BPC escola);
q_39_5;q_39_5_v12592_5_Com relação ao Benefício de Prestação Continuada, este CRAS faz:5 - Acompanhamento das pessoas com deficiência do BPC em idade produtiva para o mundo do trabalho;
q_39_6;q_39_6_v12592_6_Com relação ao Benefício de Prestação Continuada, este CRAS faz:6 - Inserção das(os) Beneficiárias(os) nos serviços socioassistenciais (PAIF, SCFV, entre outros);
q_39_99;q_39_99_v12592_99_Com relação ao Benefício de Prestação Continuada, este CRAS faz:99 - Outros;
q_39_0;q_39_0_v12592_0_Com relação ao Benefício de Prestação Continuada, este CRAS faz:0 - Nenhuma das atividades acima;
q_39_99_1;q_39_99_1_v12593_Qual?;
q_40;q_40_v10432_Este CRAS realiza cadastramento ou atualização do CadÚnico?;
q_41;q_41_v11891_Como é feito o registro das informações da entrevista no sistema do Cadastro Único?;
q_42_1;q_42_1_v12594_Reuniões de planejamento entre a equipe de referência e a coordenação do CRAS;
q_42_2;q_42_2_v12595_A equipe de referência realiza reunião para discussão de casos;
q_42_3;q_42_3_v12596_Elaboração de relatórios;
q_42_4;q_42_4_v12597_Planejamento de atividades coletivas;
q_43;q_43_v10434_Dos bairros que constituem o território de abrangência deste CRAS, quantos estão situados na zona rural?;
q_44;q_44_v10437_Há participação das(os) usuárias(os) nas atividades de planejamento deste CRAS?;
q_45_1;q_45_1_v10439_1_Quais mecanismos de participação são utilizados nesta unidade?1 - Convida as(os) usuárias(os) para as reuniões de planejamento desta unidade;
q_45_2;q_45_2_v10439_2_Quais mecanismos de participação são utilizados nesta unidade?2 - Apoio financeiro para a participação de reuniões de planejamento junto a esta unidade;
q_45_3;q_45_3_v10439_3_Quais mecanismos de participação são utilizados nesta unidade?3 - Existência de representante de usuárias(os) junto à unidade;
q_45_4;q_45_4_v10439_4_Quais mecanismos de participação são utilizados nesta unidade?4 - Eleição para representante de usuárias(os) junto à unidade;
q_45_5;q_45_5_v10439_5_Quais mecanismos de participação são utilizados nesta unidade?5 - Estimula a formação de coletivo/comitê de usuárias(os);
q_45_6;q_45_6_v10439_6_Quais mecanismos de participação são utilizados nesta unidade?6 - Realiza questionário de satisfação/pesquisa de opinião (inclui urna de sugestões);
q_45_7;q_45_7_v10439_7_Quais mecanismos de participação são utilizados nesta unidade?7 - Realiza reuniões/entrevistas específicas a fim de coletar a demanda das(os) usuárias(os);
q_45_8;q_45_8_v10439_8_Quais mecanismos de participação são utilizados nesta unidade?8 - O CRAS possui ouvidoria estruturada;
q_45_9;q_45_9_v10439_9_Quais mecanismos de participação são utilizados nesta unidade?9 - Os usuários escolhem os temas a serem trabalhados nas ações coletivas da unidade;
q_45_10;q_45_10_v10439_10_Quais mecanismos de participação são utilizados nesta unidade?10 - Estimula a participação de usuárias(os) nos Conselhos de Assistência Social e/ou Conselho de Direitos;
q_45_99;q_45_99_v10439_99_Quais mecanismos de participação são utilizados nesta unidade?99 - Outros;
q_45_99_1;q_45_99_1_v10440_Quais mecanismos de participação são utilizados nesta unidade? - Quais?;
q_46_1;q_46_1_v10441_1_No território de abrangência deste CRAS, há presença de:1 - Faixa de fronteira internacional;
q_46_2;q_46_2_v10441_2_No território de abrangência deste CRAS, há presença de:2 - Assentamento ou acampamento;
q_46_3;q_46_3_v10441_3_No território de abrangência deste CRAS, há presença de:3 - Área com risco de desabamento;
q_46_4;q_46_4_v10441_4_No território de abrangência deste CRAS, há presença de:4 - Área com risco de alagamento;
q_46_5;q_46_5_v10441_5_No território de abrangência deste CRAS, há presença de:5 - Contornos geográficos que dificultam a mobilidade (rios, montanhas, etc.);
q_46_6;q_46_6_v10441_6_No território de abrangência deste CRAS, há presença de:6 - Moradias irregulares como favelas, invasões, grotas, cortiços, e/ou similares;
q_46_7;q_46_7_v10441_7_No território de abrangência deste CRAS, há presença de:7 - Presença de altos índices de criminalidade;
q_46_8;q_46_8_v10441_8_No território de abrangência deste CRAS, há presença de:8 - Presença de conflito/violência vinculado ao tráfico de drogas;
q_46_9;q_46_9_v10441_9_No território de abrangência deste CRAS, há presença de:9 - Presença de conflito agrário ou fundiário;
q_46_10;q_46_10_v10441_10_No território de abrangência deste CRAS, há presença de:10 - Presença de exploração sexual de crianças e adolescentes (prostituição infantil);
q_46_11;q_46_11_v10441_11_No território de abrangência deste CRAS, há presença de:11 - Área com presença de migrantes/refugiados;
q_46_12;q_46_12_v10441_12_No território de abrangência deste CRAS, há presença de:12 - Regiões com escassez de água (seca);
q_46_13;q_46_13_v10441_13_No território de abrangência deste CRAS, há presença de:13 - Altos índices de abuso de drogas;
q_46_14;q_46_14_v10441_14_No território de abrangência deste CRAS, há presença de:14 - Altos índices de violência doméstica/intrafamiliar;
q_46_99;q_46_99_v10441_99_No território de abrangência deste CRAS, há presença de:99 - Outras características que contribuem para a vulnerabilidade das famílias;
q_46_99_1;q_46_99_1_v10442_No território de abrangência deste CRAS, há presença de - Quais?;
q_47;q_47_v10444_Há povos e comunidades tradicionais no território de abrangência deste CRAS?;
q_48_1;q_48_1_v10445_1_Caso sim, indique quais os povos e comunidades tradicionais existentes no território de abrangência:1 - Povos Indígenas;
q_48_2;q_48_2_v10445_2_Caso sim, indique quais os povos e comunidades tradicionais existentes no território de abrangência:2 - Comunidade Quilombola;
q_48_3;q_48_3_v10445_3_Caso sim, indique quais os povos e comunidades tradicionais existentes no território de abrangência:3 - Comunidade Ribeirinha;
q_48_4;q_48_4_v10445_4_Caso sim, indique quais os povos e comunidades tradicionais existentes no território de abrangência:4 - Povos Ciganos;
q_48_5;q_48_5_v10445_5_Caso sim, indique quais os povos e comunidades tradicionais existentes no território de abrangência:5 - Povos de Matriz Africana e de terreiro;
q_48_6;q_48_6_v10445_6_Caso sim, indique quais os povos e comunidades tradicionais existentes no território de abrangência:6 - Extrativistas;
q_48_99;q_48_99_v10445_99_Caso sim, indique quais os povos e comunidades tradicionais existentes no território de abrangência:99 - Outros povos e comunidades tradicionais;
q_48_99_1;q_48_99_1_v10446_Caso sim, indique quais os povos e comunidades tradicionais existentes no território de abrangência: - Quais?;
q_49_0;q_49_0_v10448_0_Em 2018, este CRAS atendeu povos e comunidades tradicionais?0 - Não atendeu;
q_49_1;q_49_1_v10448_1_Em 2018, este CRAS atendeu povos e comunidades tradicionais?1 - Sim, atendeu Povos Indígenas;
q_49_2;q_49_2_v10448_2_Em 2018, este CRAS atendeu povos e comunidades tradicionais?2 - Sim, atendeu Comunidade Quilombola;
q_49_3;q_49_3_v10448_3_Em 2018, este CRAS atendeu povos e comunidades tradicionais?3 - Sim, atendeu Comunidade Ribeirinha;
q_49_4;q_49_4_v10448_4_Em 2018, este CRAS atendeu povos e comunidades tradicionais?4 - Sim, atendeu Povos Ciganos;
q_49_5;q_49_5_v10448_5_Em 2018, este CRAS atendeu povos e comunidades tradicionais?5 - Sim, atendeu Povos de Matriz Africana e de terreiro;
q_49_6;q_49_6_v10448_6_Em 2018, este CRAS atendeu povos e comunidades tradicionais?6 - Sim, atendeu extrativistas;
q_49_99;q_49_99_v10448_99_Em 2018, este CRAS atendeu povos e comunidades tradicionais?99 - Sim, atendeu outros povos e comunidades tradicionais;
q_50_1;q_50_1_v14325_Capacitação específica;
q_50_2;q_50_2_v14328_Estratégias/Metodologias especificas de atendimento;
q_50_3;q_50_3_v14329_Diagnóstico específico sobre as vulnerabilidades das comunidades atendidas;
q_50_4;q_50_4_v14330_Profissionais com vivência e/ou experiências específicas junto às comunidades atendidas;
q_50_5;q_50_5_v14331_Profissionais que sejam membros da comunidade/grupo tradicional;
q_50_6;"q_50_6_v14332_Articulação com órgãos públicos que possuem atuação específica junto às comunidade atendidas (Ex.: FUNAI; INCRA etc)";
q_50_7;q_50_7_v14333_Articulação com entidades ou organizações da sociedade civil de representação ou defesa de direitos das comunidades atendidas;
q_51;q_51_v12600_Este CRAS utiliza o Prontuário SUAS em meio papel?;
q_52;q_52_v12601_Este CRAS utiliza o modelo informatizado de Prontuário?;
q_52_99;q_52_99_v12602_Este CRAS utiliza o modelo informatizado de Prontuário? Sim, em outro modelo - Qual?;
q_53_1_1;q_53_1_1_v10463_1_Unidades Públicas da Rede de Proteção Social Básica1 - Possui dados de localização (endereço, telefone, etc.);
q_53_1_2;q_53_1_2_v10463_2_Unidades Públicas da Rede de Proteção Social Básica2 - Recebe usuárias(os) encaminhados por este CRAS;
q_53_1_3;q_53_1_3_v10463_3_Unidades Públicas da Rede de Proteção Social Básica3 - Encaminha usuárias(os) para este CRAS;
q_53_1_4;q_53_1_4_v10463_4_Unidades Públicas da Rede de Proteção Social Básica4 - Acompanha os encaminhamentos;
q_53_1_5;q_53_1_5_v10463_5_Unidades Públicas da Rede de Proteção Social Básica5 - Realiza reuniões periódicas;
q_53_1_6;q_53_1_6_v10463_6_Unidades Públicas da Rede de Proteção Social Básica6 - Troca informações;
q_53_1_7;q_53_1_7_v10463_7_Unidades Públicas da Rede de Proteção Social Básica7 - Realiza estudos de caso em conjunto;
q_53_1_8;q_53_1_8_v10463_8_Unidades Públicas da Rede de Proteção Social Básica8 - Desenvolve ativiades em parceria;
q_53_1_0;q_53_1_0_v10463_0_Unidades Públicas da Rede de Proteção Social Básica0 - Não tem nenhuma articulação;
q_53_1_9;q_53_1_9_v10463_9_Unidades Públicas da Rede de Proteção Social Básica9 - Serviço ou instituição não existente no Município ou no DF;
q_53_2_1;q_53_2_1_v10464_1_Unidades Conveniadas da Rede de Proteção Social Básica1 - Possui dados de localização (endereço, telefone, etc.);
q_53_2_2;q_53_2_2_v10464_2_Unidades Conveniadas da Rede de Proteção Social Básica2 - Recebe usuárias(os) encaminhados por este CRAS;
q_53_2_3;q_53_2_3_v10464_3_Unidades Conveniadas da Rede de Proteção Social Básica3 - Encaminha usuárias(os) para este CRAS;
q_53_2_4;q_53_2_4_v10464_4_Unidades Conveniadas da Rede de Proteção Social Básica4 - Acompanha os encaminhamentos;
q_53_2_5;q_53_2_5_v10464_5_Unidades Conveniadas da Rede de Proteção Social Básica5 - Realiza reuniões periódicas;
q_53_2_6;q_53_2_6_v10464_6_Unidades Conveniadas da Rede de Proteção Social Básica6 - Troca informações;
q_53_2_7;q_53_2_7_v10464_7_Unidades Conveniadas da Rede de Proteção Social Básica7 - Realiza estudos de caso em conjunto;
q_53_2_8;q_53_2_8_v10464_8_Unidades Conveniadas da Rede de Proteção Social Básica8 - Desenvolve ativiades em parceria;
q_53_2_0;q_53_2_0_v10464_0_Unidades Conveniadas da Rede de Proteção Social Básica0 - Não tem nenhuma articulação;
q_53_2_9;q_53_2_9_v10464_9_Unidades Conveniadas da Rede de Proteção Social Básica9 - Serviço ou instituição não existente no Município ou no DF;
q_53_3_1;q_53_3_1_v10465_1_Unidades da Rede de Proteção Social Especial1 - Possui dados de localização (endereço, telefone, etc.);
q_53_3_2;q_53_3_2_v10465_2_Unidades da Rede de Proteção Social Especial2 - Recebe usuárias(os) encaminhados por este CRAS;
q_53_3_3;q_53_3_3_v10465_3_Unidades da Rede de Proteção Social Especial3 - Encaminha usuárias(os) para este CRAS;
q_53_3_4;q_53_3_4_v10465_4_Unidades da Rede de Proteção Social Especial4 - Acompanha os encaminhamentos;
q_53_3_5;q_53_3_5_v10465_5_Unidades da Rede de Proteção Social Especial5 - Realiza reuniões periódicas;
q_53_3_6;q_53_3_6_v10465_6_Unidades da Rede de Proteção Social Especial6 - Troca informações;
q_53_3_7;q_53_3_7_v10465_7_Unidades da Rede de Proteção Social Especial7 - Realiza estudos de caso em conjunto;
q_53_3_8;q_53_3_8_v10465_8_Unidades da Rede de Proteção Social Especial8 - Desenvolve ativiades em parceria;
q_53_3_0;q_53_3_0_v10465_0_Unidades da Rede de Proteção Social Especial0 - Não tem nenhuma articulação;
q_53_3_9;q_53_3_9_v10465_9_Unidades da Rede de Proteção Social Especial9 - Serviço ou instituição não existente no Município ou no DF;
q_53_4_1;q_53_4_1_v10466_1_Serviços de Saúde1 - Possui dados de localização (endereço, telefone, etc.);
q_53_4_2;q_53_4_2_v10466_2_Serviços de Saúde2 - Recebe usuárias(os) encaminhados por este CRAS;
q_53_4_3;q_53_4_3_v10466_3_Serviços de Saúde3 - Encaminha usuárias(os) para este CRAS;
q_53_4_4;q_53_4_4_v10466_4_Serviços de Saúde4 - Acompanha os encaminhamentos;
q_53_4_5;q_53_4_5_v10466_5_Serviços de Saúde5 - Realiza reuniões periódicas;
q_53_4_6;q_53_4_6_v10466_6_Serviços de Saúde6 - Troca informações;
q_53_4_7;q_53_4_7_v10466_7_Serviços de Saúde7 - Realiza estudos de caso em conjunto;
q_53_4_8;q_53_4_8_v10466_8_Serviços de Saúde8 - Desenvolve ativiades em parceria;
q_53_4_0;q_53_4_0_v10466_0_Serviços de Saúde0 - Não tem nenhuma articulação;
q_53_4_9;q_53_4_9_v10466_9_Serviços de Saúde9 - Serviço ou instituição não existente no Município ou no DF;
q_53_5_1;q_53_5_1_v10467_1_Serviços de Educação1 - Possui dados de localização (endereço, telefone, etc.);
q_53_5_2;q_53_5_2_v10467_2_Serviços de Educação2 - Recebe usuárias(os) encaminhados por este CRAS;
q_53_5_3;q_53_5_3_v10467_3_Serviços de Educação3 - Encaminha usuárias(os) para este CRAS;
q_53_5_4;q_53_5_4_v10467_4_Serviços de Educação4 - Acompanha os encaminhamentos;
q_53_5_5;q_53_5_5_v10467_5_Serviços de Educação5 - Realiza reuniões periódicas;
q_53_5_6;q_53_5_6_v10467_6_Serviços de Educação6 - Troca informações;
q_53_5_7;q_53_5_7_v10467_7_Serviços de Educação7 - Realiza estudos de caso em conjunto;
q_53_5_8;q_53_5_8_v10467_8_Serviços de Educação8 - Desenvolve ativiades em parceria;
q_53_5_0;q_53_5_0_v10467_0_Serviços de Educação0 - Não tem nenhuma articulação;
q_53_5_9;q_53_5_9_v10467_9_Serviços de Educação9 - Serviço ou instituição não existente no Município ou no DF;
q_53_6_1;q_53_6_1_v10468_1_Órgãos/Serviços relacionados a Trabalho e Emprego1 - Possui dados de localização (endereço, telefone, etc.);
q_53_6_2;q_53_6_2_v10468_2_Órgãos/Serviços relacionados a Trabalho e Emprego2 - Recebe usuárias(os) encaminhados por este CRAS;
q_53_6_3;q_53_6_3_v10468_3_Órgãos/Serviços relacionados a Trabalho e Emprego3 - Encaminha usuárias(os) para este CRAS;
q_53_6_4;q_53_6_4_v10468_4_Órgãos/Serviços relacionados a Trabalho e Emprego4 - Acompanha os encaminhamentos;
q_53_6_5;q_53_6_5_v10468_5_Órgãos/Serviços relacionados a Trabalho e Emprego5 - Realiza reuniões periódicas;
q_53_6_6;q_53_6_6_v10468_6_Órgãos/Serviços relacionados a Trabalho e Emprego6 - Troca informações;
q_53_6_7;q_53_6_7_v10468_7_Órgãos/Serviços relacionados a Trabalho e Emprego7 - Realiza estudos de caso em conjunto;
q_53_6_8;q_53_6_8_v10468_8_Órgãos/Serviços relacionados a Trabalho e Emprego8 - Desenvolve ativiades em parceria;
q_53_6_0;q_53_6_0_v10468_0_Órgãos/Serviços relacionados a Trabalho e Emprego0 - Não tem nenhuma articulação;
q_53_6_9;q_53_6_9_v10468_9_Órgãos/Serviços relacionados a Trabalho e Emprego9 - Serviço ou instituição não existente no Município ou no DF;
q_53_7_1;q_53_7_1_v10477_1_Movimentos Sociais locais/Associações Comunitárias1 - Possui dados de localização (endereço, telefone, etc.);
q_53_7_2;q_53_7_2_v10477_2_Movimentos Sociais locais/Associações Comunitárias2 - Recebe usuárias(os) encaminhados por este CRAS;
q_53_7_3;q_53_7_3_v10477_3_Movimentos Sociais locais/Associações Comunitárias3 - Encaminha usuárias(os) para este CRAS;
q_53_7_4;q_53_7_4_v10477_4_Movimentos Sociais locais/Associações Comunitárias4 - Acompanha os encaminhamentos;
q_53_7_5;q_53_7_5_v10477_5_Movimentos Sociais locais/Associações Comunitárias5 - Realiza reuniões periódicas;
q_53_7_6;q_53_7_6_v10477_6_Movimentos Sociais locais/Associações Comunitárias6 - Troca informações;
q_53_7_7;q_53_7_7_v10477_7_Movimentos Sociais locais/Associações Comunitárias7 - Realiza estudos de caso em conjunto;
q_53_7_8;q_53_7_8_v10477_8_Movimentos Sociais locais/Associações Comunitárias8 - Desenvolve ativiades em parceria;
q_53_7_0;q_53_7_0_v10477_0_Movimentos Sociais locais/Associações Comunitárias0 - Não tem nenhuma articulação;
q_53_7_9;q_53_7_9_v10477_9_Movimentos Sociais locais/Associações Comunitárias9 - Serviço ou instituição não existente no Município ou no DF;
q_53_8_1;q_53_8_1_v12605_1_Conselho Tutelar1 - Possui dados de localização (endereço, telefone, etc.);
q_53_8_2;q_53_8_2_v12605_2_Conselho Tutelar2 - Recebe usuárias(os) encaminhados por este CRAS;
q_53_8_3;q_53_8_3_v12605_3_Conselho Tutelar3 - Encaminha usuárias(os) para este CRAS;
q_53_8_4;q_53_8_4_v12605_4_Conselho Tutelar4 - Acompanha os encaminhamentos;
q_53_8_5;q_53_8_5_v12605_5_Conselho Tutelar5 - Realiza reuniões periódicas;
q_53_8_6;q_53_8_6_v12605_6_Conselho Tutelar6 - Troca informações;
q_53_8_7;q_53_8_7_v12605_7_Conselho Tutelar7 - Realiza estudos de caso em conjunto;
q_53_8_8;q_53_8_8_v12605_8_Conselho Tutelar8 - Desenvolve ativiades em parceria;
q_53_8_0;q_53_8_0_v12605_0_Conselho Tutelar0 - Não tem nenhuma articulação;
q_53_8_9;q_53_8_9_v12605_9_Conselho Tutelar9 - Serviço ou instituição não existente no Município ou no DF;
q_53_9_1;q_53_9_1_v12606_1_Judiciário1 - Possui dados de localização (endereço, telefone, etc.);
q_53_9_2;q_53_9_2_v12606_2_Judiciário2 - Recebe usuárias(os) encaminhados por este CRAS;
q_53_9_3;q_53_9_3_v12606_3_Judiciário3 - Encaminha usuárias(os) para este CRAS;
q_53_9_4;q_53_9_4_v12606_4_Judiciário4 - Acompanha os encaminhamentos;
q_53_9_5;q_53_9_5_v12606_5_Judiciário5 - Realiza reuniões periódicas;
q_53_9_6;q_53_9_6_v12606_6_Judiciário6 - Troca informações;
q_53_9_7;q_53_9_7_v12606_7_Judiciário7 - Realiza estudos de caso em conjunto;
q_53_9_8;q_53_9_8_v12606_8_Judiciário8 - Desenvolve ativiades em parceria;
q_53_9_0;q_53_9_0_v12606_0_Judiciário0 - Não tem nenhuma articulação;
q_53_9_9;q_53_9_9_v12606_9_Judiciário9 - Serviço ou instituição não existente no Município ou no DF;
q_54_1;q_54_1_v12609_1_Nos últimos 12 meses, a Unidade proporcionou ou facilitou a participação das(os) suas/seus profissionais em capacitação sobre os seguintes temas?1 - Deficiência;
q_54_2;q_54_2_v12609_2_Nos últimos 12 meses, a Unidade proporcionou ou facilitou a participação das(os) suas/seus profissionais em capacitação sobre os seguintes temas?2 - Gênero;
q_54_3;q_54_3_v12609_3_Nos últimos 12 meses, a Unidade proporcionou ou facilitou a participação das(os) suas/seus profissionais em capacitação sobre os seguintes temas?3 - População em situação de rua;
q_54_4;q_54_4_v12609_4_Nos últimos 12 meses, a Unidade proporcionou ou facilitou a participação das(os) suas/seus profissionais em capacitação sobre os seguintes temas?4 - População LGBT, orientação sexual e identidade de gênero;
q_54_5;q_54_5_v12609_5_Nos últimos 12 meses, a Unidade proporcionou ou facilitou a participação das(os) suas/seus profissionais em capacitação sobre os seguintes temas?5 - Álcool e outras drogas;
q_54_6;q_54_6_v12609_6_Nos últimos 12 meses, a Unidade proporcionou ou facilitou a participação das(os) suas/seus profissionais em capacitação sobre os seguintes temas?6 - Diversidade étnico-racial;
q_54_7;q_54_7_v12609_7_Nos últimos 12 meses, a Unidade proporcionou ou facilitou a participação das(os) suas/seus profissionais em capacitação sobre os seguintes temas?7 - Violências e violações de direitos;
q_54_8;q_54_8_v12609_8_Nos últimos 12 meses, a Unidade proporcionou ou facilitou a participação das(os) suas/seus profissionais em capacitação sobre os seguintes temas?8 - Trabalho Infantil;
q_54_9;q_54_9_v12609_9_Nos últimos 12 meses, a Unidade proporcionou ou facilitou a participação das(os) suas/seus profissionais em capacitação sobre os seguintes temas?9 - Criança e adolescente;
q_54_10;q_54_10_v12609_10_Nos últimos 12 meses, a Unidade proporcionou ou facilitou a participação das(os) suas/seus profissionais em capacitação sobre os seguintes temas?10 - Juventude;
q_54_11;q_54_11_v12609_11_Nos últimos 12 meses, a Unidade proporcionou ou facilitou a participação das(os) suas/seus profissionais em capacitação sobre os seguintes temas?11 - Envelhecimento;
q_54_12;q_54_12_v12609_12_Nos últimos 12 meses, a Unidade proporcionou ou facilitou a participação das(os) suas/seus profissionais em capacitação sobre os seguintes temas?12 - Sistema Socioeducativo/Medida Socioeducativa/SINASE;
q_54_13;q_54_13_v12609_13_Nos últimos 12 meses, a Unidade proporcionou ou facilitou a participação das(os) suas/seus profissionais em capacitação sobre os seguintes temas?13 - Migração;
q_54_14;q_54_14_v12609_14_Nos últimos 12 meses, a Unidade proporcionou ou facilitou a participação das(os) suas/seus profissionais em capacitação sobre os seguintes temas?14 - Mundo do Trabalho;
q_54_99;q_54_99_v12609_99_Nos últimos 12 meses, a Unidade proporcionou ou facilitou a participação das(os) suas/seus profissionais em capacitação sobre os seguintes temas?99 - Outros;
q_54_0;q_54_0_v12609_0_Nos últimos 12 meses, a Unidade proporcionou ou facilitou a participação das(os) suas/seus profissionais em capacitação sobre os seguintes temas?0 - Não proporcionou/facilitou a participação dos profissionais;
q_54_99_1;q_54_99_1_v12610_Especifique:;
q_55;q_55_v12611_Nesta unidade, algum(a) profissional já participou de algum curso do CAPACITASUAS?;
q_55_1;q_55_1_v12612_Nesta unidade, algum(a) profissional já participou de algum curso do CAPACITASUAS, nos últimos 12 meses? - Quantos?;
Q_completo ;Q_completo _Q_completo _questionarios completos;
d_3;d_3_Total de horas por semana que o CRAS encontra-se em funcionamento;
d_7_atend;d_7_atend.Total de salas utilizadas para atendimento individual ou coletivo;
d_7_atend_categoria;d_7_atend_categoria.Total de salas utilizadas para atendimento individual ou coletivo;
d_7_adm_atend;d_7_adm_atend.Total de salas utilizadas para atendimento e para atividades administrativas;
d_7_adm_atend_categoria;d_7_adm_atend_categoria.Total de salas utilizadas para atendimento e para atividades administrativas;
d_7_6_banheiros;d_7_6_banheiros.Quantidade total de banheiros;
d_11_1;d_11_1.Quantidade de computadores, em perfeito funcionamento, existentes no CRAS;
d_11_2;d_11_2.Quantidade de computadores conectados à internet no CRAS;
d_13_A1;d_13_A1. Total de famílias em acompanhamento pelo PAIF em Agosto 2018;
d_13_A2;d_13_A2. Total de novas famílias inseridas no PAIF em Agosto 2018;
d_14_1;d_14_1. Total de pessoas regularmente participam atendimentos coletivos realizados pelo PAIF;
d_25_1;d_25_1. Total de indivíduos atendidos pelo Serviço de PSB no Domicílio para Pessoas com deficiência e idosas no CRAS;
d_25_2;d_25_2. Total de idosos atendidos pelo Serviço de PSB no Domicílio para Pessoas com deficiência e idosas no CRAS;
d_25_3;d_25_3. Total de pessoas com deficiencia atendidos pelo Serviço de PSB no Domicílio para Pessoas com deficiência e idosas no CRAS;
d_25_4;d_25_4. Total de pessoas com deficiencia de 0 a 6 anos de idade atendidos pelo Serviço de PSB no Domicílio para Pessoas com deficiência e idosas no CRAS;
d_27_1;d_27_1. Total de indivíduos atendidos pelo Serviço de PSB no Domicílio para Pessoas com deficiência e idosas na rede referenciada;
d_27_2;d_27_2. Total de idosos atendidos pelo Serviço de PSB no Domicílio para Pessoas com deficiência e idosas na rede referenciada;
d_27_3;d_27_3. Total de pessoas com deficiencia atendidos pelo Serviço de PSB no Domicílio para Pessoas com deficiência e idosas na rede referenciada;
d_27_4;d_27_4. Total de pessoas com deficiencia de 0 a 6 anos de idade atendidos pelo Serviço de PSB no Domicílio para Pessoas com deficiência e idosas na rede referenciada;
d_34;d_34. Famílias em acompanhamento pelo PAIF nos territorios atendidos pela equipe volante;
q_55_1_velha;q_55_1_v12612_Nesta unidade, algum(a) profissional já participou de algum curso do CAPACITASUAS, nos últimos 12 meses? - Quantos?;
d_55_1;d_55_1. profissionais que participaram do CAPACITASUAS;
d_57_9bin1_sum;d_57_9bin1_Número de trabalhadores de Nível fundamental (inclui trabalhadores sem escolaridade, fundamental incompleto e ensino médio incompleto);
d_57_9bin2_sum;d_57_9bin2_Número de trabalhadores de Nível médio (inclui trabalhadores com ensino superior incompleto);
d_57_9bin3_sum;d_57_9bin3_Número de trabalhadores de Nível superior (inclui trabalhadores com especialização, mestrado e doutorado);
d_57_10bin1_sum;d_57_10bin1_Número de Pedagogos;
d_57_10bin2_sum;d_57_10bin2_Número de Assistentes Sociais;
d_57_10bin3_sum;d_57_10bin3_Número de Antropólogos;
d_57_10bin4_sum;d_57_10bin4_Número de Advogados;
d_57_10bin5_sum;d_57_10bin5_Número de Psicólogos;
d_57_11bin1_sum;d_57_11bin1_Número de Servidores Estatutários;
d_57_11bin2_sum;d_57_11bin2_Número de Empregados Públicos(CLT);
d_57_11bin3_sum;d_57_11bin3_Número de Comissionados;
d_57_11bin4_sum;d_57_11bin4_Número de profissionais com outros vínculos não permanentes;
nu_trabalhador;Número de trabalhadores no CRAS;
